{
  "AccessToken" : {
    "transaction" : "AccessToken",
    "sampleCount" : 100,
    "errorCount" : 0,
    "errorPct" : 0.0,
    "meanResTime" : 1254.6499999999996,
    "medianResTime" : 1148.5,
    "minResTime" : 1073.0,
    "maxResTime" : 2123.0,
    "pct1ResTime" : 1748.3000000000002,
    "pct2ResTime" : 1901.55,
    "pct3ResTime" : 2121.079999999999,
    "throughput" : 17.088174982911827,
    "receivedKBytesPerSec" : 13.013713260423787,
    "sentKBytesPerSec" : 4.038416353383458
  },
  "Total" : {
    "transaction" : "Total",
    "sampleCount" : 400,
    "errorCount" : 0,
    "errorPct" : 0.0,
    "meanResTime" : 602.1175000000003,
    "medianResTime" : 458.5,
    "minResTime" : 267.0,
    "maxResTime" : 2123.0,
    "pct1ResTime" : 1169.0,
    "pct2ResTime" : 1253.9,
    "pct3ResTime" : 1904.97,
    "throughput" : 57.55395683453238,
    "receivedKBytesPerSec" : 604.9849651528776,
    "sentKBytesPerSec" : 18.884892086330936
  },
  "GetBooking" : {
    "transaction" : "GetBooking",
    "sampleCount" : 100,
    "errorCount" : 0,
    "errorPct" : 0.0,
    "meanResTime" : 583.2700000000001,
    "medianResTime" : 570.0,
    "minResTime" : 535.0,
    "maxResTime" : 838.0,
    "pct1ResTime" : 639.9,
    "pct2ResTime" : 652.95,
    "pct3ResTime" : 836.169999999999,
    "throughput" : 22.47696111485727,
    "receivedKBytesPerSec" : 886.8050141183412,
    "sentKBytesPerSec" : 3.2925236008091705
  },
  "CreateBooking" : {
    "transaction" : "CreateBooking",
    "sampleCount" : 100,
    "errorCount" : 0,
    "errorPct" : 0.0,
    "meanResTime" : 284.38,
    "medianResTime" : 279.0,
    "minResTime" : 268.0,
    "maxResTime" : 327.0,
    "pct1ResTime" : 307.9,
    "pct2ResTime" : 320.79999999999995,
    "pct3ResTime" : 326.99,
    "throughput" : 24.078979051288226,
    "receivedKBytesPerSec" : 22.526073019503976,
    "sentKBytesPerSec" : 11.56919696604864
  },
  "UpdateBooking" : {
    "transaction" : "UpdateBooking",
    "sampleCount" : 100,
    "errorCount" : 0,
    "errorPct" : 0.0,
    "meanResTime" : 286.17,
    "medianResTime" : 282.5,
    "minResTime" : 267.0,
    "maxResTime" : 382.0,
    "pct1ResTime" : 306.9,
    "pct2ResTime" : 321.79999999999995,
    "pct3ResTime" : 381.52999999999975,
    "throughput" : 24.113817217265492,
    "receivedKBytesPerSec" : 21.592227815288158,
    "sentKBytesPerSec" : 10.832378828068483
  }
}