{
  "AccessToken" : {
    "transaction" : "AccessToken",
    "sampleCount" : 300,
    "errorCount" : 0,
    "errorPct" : 0.0,
    "meanResTime" : 1623.2366666666674,
    "medianResTime" : 1305.5,
    "minResTime" : 1104.0,
    "maxResTime" : 4079.0,
    "pct1ResTime" : 3420.6000000000017,
    "pct2ResTime" : 3660.3999999999996,
    "pct3ResTime" : 3755.98,
    "throughput" : 49.925112331502746,
    "receivedKBytesPerSec" : 38.032144491595936,
    "sentKBytesPerSec" : 11.798708187718422
  },
  "Total" : {
    "transaction" : "Total",
    "sampleCount" : 1200,
    "errorCount" : 0,
    "errorPct" : 0.0,
    "meanResTime" : 695.278333333334,
    "medianResTime" : 376.0,
    "minResTime" : 263.0,
    "maxResTime" : 4079.0,
    "pct1ResTime" : 1554.0,
    "pct2ResTime" : 1661.0,
    "pct3ResTime" : 3670.9300000000003,
    "throughput" : 133.422281521014,
    "receivedKBytesPerSec" : 403.62943785440297,
    "sentKBytesPerSec" : 43.74661232488326
  },
  "GetBooking" : {
    "transaction" : "GetBooking",
    "sampleCount" : 300,
    "errorCount" : 0,
    "errorPct" : 0.0,
    "meanResTime" : 431.1233333333333,
    "medianResTime" : 375.0,
    "minResTime" : 266.0,
    "maxResTime" : 2448.0,
    "pct1ResTime" : 607.0,
    "pct2ResTime" : 642.95,
    "pct3ResTime" : 665.8700000000001,
    "throughput" : 62.91946308724833,
    "receivedKBytesPerSec" : 597.808837890625,
    "sentKBytesPerSec" : 9.21671822567114
  },
  "CreateBooking" : {
    "transaction" : "CreateBooking",
    "sampleCount" : 300,
    "errorCount" : 0,
    "errorPct" : 0.0,
    "meanResTime" : 369.7599999999998,
    "medianResTime" : 338.5,
    "minResTime" : 263.0,
    "maxResTime" : 1025.0,
    "pct1ResTime" : 444.90000000000003,
    "pct2ResTime" : 890.199999999995,
    "pct3ResTime" : 954.98,
    "throughput" : 62.98551333193365,
    "receivedKBytesPerSec" : 59.10058655259291,
    "sentKBytesPerSec" : 30.2625708587025
  },
  "UpdateBooking" : {
    "transaction" : "UpdateBooking",
    "sampleCount" : 300,
    "errorCount" : 0,
    "errorPct" : 0.0,
    "meanResTime" : 356.99333333333357,
    "medianResTime" : 318.0,
    "minResTime" : 267.0,
    "maxResTime" : 1101.0,
    "pct1ResTime" : 383.0,
    "pct2ResTime" : 895.55,
    "pct3ResTime" : 1023.95,
    "throughput" : 65.81834137779728,
    "receivedKBytesPerSec" : 59.20565489249671,
    "sentKBytesPerSec" : 29.502557316805618
  }
}